ID,Name,Email,City,Age
1,Emily Watts,hollandjeffrey@zimmerman-alexander.biz,West Mariamouth,65
2,Stephanie Mathis,jennifer04@hotmail.com,Sarahshire,40
3,Amber Gibson,shawsteven@lewis.com,Dicksonton,22
4,Ashley Jenkins,robertrichards@yahoo.com,Lake Kathleen,45
5,Mr. Jeffrey Wilson,mmoore@rivera.com,Morganchester,22
6,Briana Navarro,whitneyandrea@buchanan-rodriguez.com,Ericland,27
7,Rick Ellis,mjones@davis-williams.com,Monicaberg,65
8,Samuel King,jonathangraves@greene-baker.com,Hernandezmouth,39
9,Amanda Cortez,vicki84@meyer.biz,East Jamesbury,52
10,Jennifer Jenkins,gordonjason@brown.biz,Gomezshire,22
11,William Lewis,washingtonamanda@vance-torres.com,Lake Elizabeth,21
12,David Luna,baileyjames@mason-barnes.com,Brooksbury,58
13,Alyssa Hall,esteslee@wallace.com,Stephanieville,34
14,Gary Sanders,sarahayala@gmail.com,West Jason,52
15,Karen Liu,emullins@hotmail.com,North Stephanieland,23
16,Cameron Stokes,daviesjulia@yahoo.com,East Mariah,63
17,Sharon Hendricks,hcarson@yahoo.com,Bryanville,53
18,Andrew Hart,zburch@doyle.biz,New Tyler,41
19,Regina Edwards,broberts@day.net,South Dennis,30
20,Michael Simpson,kimberlyhall@hotmail.com,Taylorfurt,46
21,Andrea Martin,taylorbrittney@yahoo.com,Josephstad,55
22,Cody Davis,zmorales@greer-ingram.org,Port Karen,57
23,Michelle Anderson,pamela35@adams.org,New Maria,50
24,Michelle Leach,troyfoster@hotmail.com,New Peter,64
25,Alex Ford,bobbyhoward@yahoo.com,Lake Timothyside,22
26,Kyle Robinson,megan90@robinson.biz,Kathrynfort,46
27,Alicia Acosta,franceslewis@shields.info,Millerland,55
28,Gail Perry,harringtoncalvin@gmail.com,Underwoodfort,62
29,Dylan Williams,jessicacunningham@mitchell-griffin.org,Gillespiechester,31
30,Brandi Buchanan,xmarshall@hotmail.com,Katherineburgh,62
31,Leonard Kline,monica54@yahoo.com,Port Brian,62
32,Jennifer Patrick,karendiaz@hotmail.com,Parsonsstad,45
33,James Johnson,robincoleman@marquez.net,Patelport,52
34,Jamie Powell,peckjose@yahoo.com,Clarkport,62
35,Carrie Duncan,michael58@fowler.com,Gonzalezmouth,46
36,Regina Palmer,susan88@green.org,New Baileymouth,21
37,Melanie Price,zcline@gmail.com,North Emilymouth,64
38,Christina Martinez,nbutler@stewart.net,Sarahburgh,61
39,Christina Rivas,gary60@yahoo.com,Pagechester,53
40,Alison Scott,jmullen@love.org,Rubenville,29
41,Keith Benitez,rossmichael@gmail.com,Billborough,25
42,John Bowman,qmartin@miles.net,New Travis,28
43,Howard Matthews,carolrichardson@hotmail.com,East Annafort,30
44,Michael Davis,xpowell@gmail.com,Port William,37
45,Matthew Gaines,jennifer26@hotmail.com,East Paige,58
46,Donald Smith,margaret21@gmail.com,Catherineside,57
47,Joel Mcmahon,tracy59@delacruz.net,North Julieshire,22
48,Kyle Davis,timkramer@murphy.com,North Jamesmouth,56
49,Sarah Shepard DDS,lisarowe@williams.com,Deborahberg,27
50,Elizabeth Robinson,jasonperez@briggs.info,West Kevin,43
